ID,Text,Etiqueta
1,"Yo me encuentro mal, pero no te preocupes, tú sal con tus amigos, yo me quedo aquí solo",Violento
2,"Me hace muchísima ilusión hacer esto contigo, pero si no quieres, déjalo",Violento
3,"¿No te encuentras bien? Pues… Si no acabas este informe, no sé cómo afectará al trabajo de tus compañeros ni cómo se lo tomarán",Violento
4,"Tengo a mi madre enferma, si no me ayudas y pierdo este trabajo no podré pagar el hospital",Violento
5,Nadie te entiende como yo,Violento
6,Nadie te va a querer como yo,Violento
7,En ninguna empresa van a pagarte tanto como aquí,Violento
8,Yo en las relaciones me entrego al 100% y espero lo mismo del otro,Violento
9,"Si eres malo, no te van a traer regalos los Reyes",Violento
10,"Me parece genial que quieras estudiar otra carrera, pero ya verás tú misma cómo la pagas",Violento
11,"Claro que puedes salir con tus amigos, pero recuerda que habías empezado a hacer vida sana",Violento
12,"Si me quieres, deberías saber lo que quiero",Violento
13,Con el tiempo que llevamos deberías saber lo que siento,Violento
14,"Deja que lo haga yo, que tú no sabes hacerlo eres tan torpe, pobre, eso me enternece",Violento
15,"No te preocupes, la culpa es mía que te pedí más de lo que puedes hace",Violento
16,"Solo tú me haces sentir bien, si me dejaras, me moriría el día siguiente",Violento
17,Cada vez que me visitas me haces sentir vivo,Violento
18,Si supieras por lo que estoy pasando yo…,Violento
19,"Eso no es nada, en mi situación no me quiero imaginar cómo te pondrías",Violento
20,"Yo no dije esto, tú estás loco",Violento
21,No pongas palabras que nunca han salido de mi boca,Violento
22,no tergiverses mis palabras,Violento
23,Te dejo ser mi amigo si me regalas ese cómic,Violento
24,Te invito a la fiesta de mi cumpleaños si vas bien vestida,Violento
25,Si fueras un buen novio te dejarías hacer lo que quieras,Violento
26,Con todo lo que he hecho por ti,Violento
27,"No puedes dejarme así, estoy sola",Violento
28,¿no te das cuenta que estoy mal?,Violento
29,"Nunca me hubiera imaginado que irías a actuar así, me estás decepcionando, tú verás lo que haces",Violento
30,Si no haces lo que te pido me voy,Violento
31,Como sigas con esta actitud rompo la relación,Violento
32,Si no me ayuds te voy a pegar,Violento
33,Si me acompañas al concierto te acompaño al médico,Violento
34,Si sigues conmigo te prometo regalarte todo lo que quieras,Violento
35,Si vienes conmigo a ese viaje de empresa te prometo que voy al médico a hacerme las pruebas de fertilidad,Violento
36,Como sigas así enfermaré,Violento
37,Estás terminando con mi vida,Violento
38,No sé porque disfrutas haciéndome daño,Violento
39,Con todo lo que te quiero y eliges ir con tu madre de vacaciones,Violento
40,"No sabes el daño que me estáis haciendo, siento que no me quieres",Violento
41,Dile que quieres quedarte más días conmigo y así podemos ir a la playa,Violento
42,"Ya no eres la que eras, has cambiado, ya no eres la misma",Violento
43,Ya veo lo que valoras esta relación,Violento
44,Como sigas así rompemos,Violento
45,"Si me dejas, haré una locura",Violento
46,"He hecho todo esto para hacerte feliz, ¿por qué tú no puedes hacer algo tan simple por mí?",Violento
47,Nunca me hubiera imaginado que te comportaras así conmigo,Violento
48,Si me quisieras tanto como dices sabrías lo que necesito,Violento
49,"Si no haces lo que te he pedido, quién sabe lo que me pasará",Violento
50,Como no lo hagas ya sabes que pasara,Violento
51,"Si haces esto, te regalare un lindo gato",Violento
52,No puedes hablar en serio sobre nosotros,Violento
53,"Te crees que eres una buena persona, pero después eres incapaz de hacer algo cuando te lo pido",Violento
54,Eres tan sensible con…,Violento
55,"¿Te acuerdas cuando te invité a cenar? Bueno, pues ahora invítame tú",Violento
56,"Ya te lo dije, pero no te acuerdas",Violento
57,Te estresas y no piensas con claridad,Violento
58,No creo que debas salir más con esta persona,Violento
59,Solo estoy pensando en nuestro futuro,Violento
60,"Si de verdad me quisieras, lo harías",Violento
61,"Si sales con tus amigos esta noche, no estaré aquí cuando regreses",Violento
62,"Si no puedes quedarte conmigo esta noche que te necesito, tal vez alguien más lo haga…",Violento
63,si no comes luego no verás los dibujos,Violento
64,Pues si no me lo compras ya no te quiero,Violento
65,Si vamos al parque luego me portaré bien en casa,Violento
66,"Yo, que te di la vida, que me he sacrificado por ti, que no he querido que te faltara nunca de nada y me lo agradeces así",Violento
67,"Nunca imaginé que tu, ¡tu!, me harías algo así",Violento
68,"Bueno, pues ve a la tuya, ya vere que hago sin ti",Violento
69,Ya vemos que está antes otra gente que yo,Violento
70,"Bueno, vete, si me pasa algo pues… no sé",Violento
71,Si me quisieras no saldrías esta noche con tus amigos,Violento
72,Con todo lo que yo hago por ti y tú eres incapaz de hacer lo que te estoy pidiendo,Violento
73,Me encuentro un poco mareado pero no te preocupes que ya me levanto y hago yo la cena,Violento
74,Si me dejas podría llegar a hacer una tontería,Violento
75,Nadie más te va a entender como yo,Violento
76,Solo yo te puedo amar,Violento
77,Si me conoces deberías saberlo,Violento
78,Después de tanto tiempo sigues sin entenderme,Violento
79,"No quiero que salgas con tus amigos, quédate conmigo",Violento
80,"Había preparado una cena especial para esta noche, pero no te preocupes, sal con tus amistades",Violento
81,Sin ti no me veo capaz de salir adelante,Violento
82,Solo tú me haces sentir bien,Violento
83,"Si no haces esto, ya sabes que va a pasar",Violento
84,me provocas y por eso soy agresivo,Violento
85,"no me das lo que necesito, por eso, te he sido infiel",Violento
86,"sin ti, no puedo vivir",Violento
87,"si me abandonas, yo no soy nadie",Violento
88,"si sales con tus amigas, yo me quedaré solo y aburrido",Violento
89,Parece que ya no me amas,Violento
90,"Al final, tendré que quedarme en casa por tu culpa",Violento
91,¿Por qué no me has respondido?,Violento
92,¿Sabes dónde está? Le he estado escribiendo toda la tarde y no me responde,Violento
93,Envíamela fotito. No te cuesta nada,Violento
94,Parece que ya no me amas,Violento
95,"Calladita, eres más linda",Violento
96,"Con ese humor, nadie te va a aguantar",Violento
97,"Si no estás conmigo, no estás con nadie",Violento
98,"Eres mía, de nadie más. Si no estás conmigo, no estás con nadie",Violento
99,Sos más linda cuando sonreís,Violento
100,"Callate, a nadie le interesa lo que tenés para decir",Violento
101,Nadie te va a creer,Violento
102,Acá se hace lo que digo yo,Violento
103,Yo te voy a cuidar,Violento
104,"Con ese carácter, nadie te va a aguantar",Violento
105,"Estás loca, eso no pasó, lo estás inventando",Violento
106,Las mujeres dicen 'no' cuando en realidad quieren decir 'sí,Violento
107,Mirá cómo me ponés,Violento
108,Tu te lo buscaste,Violento
109,Se lo buscó por andar vestida así,Violento
110,¿Qué te pusiste?,Violento
111,¿Por qué no contestabas el celular?,Violento
112,Una mujer debe inspirar respeto,Violento
113,Ella estaba borracha,Violento
114,No voy a permitir que estés con otra persona,Violento
115,"Si me dejás, me mato",Violento
116,"Si lo cuentas, te mato",Violento
117,"Si volvés a hablar a tu amigo, vas a ver lo que pasa",Violento
118,No sabía si andar contigo por gorda,Violento
119,"Me creas ansiedad, en serio",Violento
120,Tendrás que quitarme la culpa tú a mí,Violento
121,O eres muy impoluta o una solemne estupida,Violento
122,Eres una cobarde,Violento
123,Tengo una paciencia infinita contigo,Violento
124,"Algún día me iré, me echarás de menos, vendrás en mi busca y no estaré",Violento
125,Eres un montón de carne con ojos,Violento
126,"Estás loca, no sabes lo que has visto",Violento
127,¿Quién es ese niñito? ¿Es tu novio?,Violento
128,Dónde vas tan maquillada,Violento
129,Vaya cara llevas hoy,Violento
130,Compórtate,Violento
131,Eso no es de señoritas,Violento
132,Con esa carita mona de niña no puedes escribir novela negra. No te van a tomar en serio,Violento
133,Eres demasiado lista,Violento
134,hablas demasiado,Violento
135,eres demasiado libre,Violento
136,Me molesta tu sensibilidad,Violento
137,Me gusta esa falda pero no te la pongas cuando no estoy yo,Violento
138,Te llamo para recordarte que mañana trabajas y sigues por ahí. Sin mi,Violento
139,Yo planchando y tú mirando,Violento
140,Con esa camiseta no sales,Violento
141,Solo tienes amigas putas,Violento
142,No me puedes dejar así,Violento
143,¿Cuantas vergas ha comido esa para llegar ahí?,Violento
144,Tienes suerte de que esté contigo,Violento
145,"Si realmente me eres fiel y quieres que confíe en ti, dame tus contraseñas del Tuent",Violento
146,Me has destrozado la vida,Violento
147,Eres una puta cruel,Violento
148,Voy a quedarme solo,Violento
149,Voy a arrastrar esto toda mi vida,Violento
150,"No me escuchas, no tienes empatia",Violento
151,Lo nuestro no se ha acabado. Si lo cerramos aquí siempre tendremos la duda,Violento
152,Te necesito,Violento
153,Tus amigas no te quieren; yo te quiero,Violento
154,¿Te vas a poner eso?,Violento
155,Conmigo no te arreglas tanto,Violento
156,Tú no vas a clase,Violento
157,"Claro, con faldita lo arreglas todo",Violento
158,Te maquillas mucho,Violento
159,Te maquillas poco,Violento
160,"Yo no te mentí, solo no te dije la verdad. Sobrereaccionas",Violento
161,Una niñata como tú no va a saber más que yo.,Violento
162,"Por cosas como esas, las mujeres no deberían jugar al baloncesto",Violento
163,"Ingeniería? Sabes que eso es una carrera de chicos, ¿verdad?",Violento
164,"Ves? Con ese vestido pareces mas femenina, no como con tus sudaderas",Violento
165,"Cómo la van a violar, con lo fea que es",Violento
166,Sacas lo peor de mí,Violento
167,Si me vuelves a contestar sales en las noticias,Violento
168,"Cuídalo mucho, que no vas a encontrar otro que te aguante",Violento
169,No me des la mano en la calle que con ese pelo pensarán que me ligué un tío,Violento
170,"Eres madre, para un poco",Violento
171,Este trabajo no lo vas a poder hacer ahora que has sido mamá,Violento
172,¿Qué vas a hacer ahora con el curro si vas a tener un hijo?,Violento
173,"El niño necesita a su madre, quédate en casa",Violento
174,Con ese carácter ningún hombre te va a querer,Violento
175,"Como salgas por esa puerta, te dejo",Violento
176,Es que no debiste ir sola por la calle,Violento
177,Quieres provocarme hablando con X sabiendo que es tu ex,Violento
178,"Ella es mía, no te acerques",Violento
179,Qué pasa que te gusta que te miren no??,Violento
180,Te tendrías que maquillar y arreglar más,Violento
181,"Ella sí que es una mujer de su casa, que sabe cocinar",Violento
182,Estás loca,Violento
183,lo tuyo es de psiquiatra,Violento
184,no te va a creer nadie,Violento
185,"No, quédate conmigo por favor, te necesito",Violento
186,Sin ti no estoy bien,Violento
187,Sabes que nadie te va a querer como yo,Violento
188,"Sin mí estarías sola, que harías si no estuviese",Violento
189,Ahora que te has casado... vienes más relajadita al trabajo?,Violento
190,"Cállate, para qué hablas si no tienes ni pura idea de nada",Violento
191,Y piensas salir a la calle vestida así?,Violento
192,Buff !!!que sensible estás hoy...te ha venido la regla?,Violento
193,Que suerte tienes tu marido saca a la niña al parque,Violento
194,Nadie te quiere,Violento
195,Desgraciada vete a tu puta ciudad,Violento
196,desearme lo peor el resto de mi vida por no aceptar un no,Violento
197,no te pongas falda o no quedo contigo,Violento
198,a ti te han salido rana tus parejas yo por lo menos tengo dos hijs,Violento
199,Tú no eres como las otras chicas,Violento
200,Estás loca,Violento
201,Eres inútil,Violento
202,"No lleves esa ropa, vas provocando",Violento
203,Pareces una puta vestida así,Violento
204,¿Con quién hablas?,Violento
205,Déjame ver tu telefono,Violento
206,"No me dejes, que hago una locura",Violento
207,"No lo volveré a hacer, cambiaré, te lo prometo, jamás volverá a ocurrir",Violento
208,"oye, a ti tu novio te pega?",Violento
209,¿Es celoso tu novio o puedo entrarte?,Violento
210,Nunca podrás darme lo que me da mi ex,Violento
211,Este deporte no es para mujeres como tú,Violento
212,¿Qué opina tu pareja de esto?,Violento
213,Esta casa de mujeres lo que necesita es un hombre,Violento
214,Tú no puedes ir sola,Violento
215,Para que te tomen en serio mejor que a la reunión vayas con él,Violento
216,Eres un fraude,Violento
217,Tú sigue así que acabarás sola y amargada y te lo mereces,Violento
218,"Sé un poco más dócil, que los tíos se asustan",Violento
219,"No quiero tener una relación seria contigo porque las mujeres, cuando pasan unos años, os volvéis locas y lo queréis dejar",Violento
220,¿Dónde has visto tu que un hombre se levante a recoger la mesa,Violento
221,Fregar es cosa de mujeres,Violento
222,tú cállate bonita que no tienes ni puta idea,Violento
223,Si estás deprimida es tu puto problema,Violento
224,asqueroso negro,Violento
225,Me das asco,Violento
226,Te vas a quedar sola,Violento
227,Qué poco femenina,Violento
228,Has llegado donde estás por tu cuerpo,Violento
229,"si no eres para mí, no eres para nadie ",Violento
230,No te enteras de nada,Violento
231,Otra vez no lo entiendes,Violento
232,Tú de esto no sabes,Violento
233,Me estás sacando de mis casillas,Violento
234,Quieres que me enfade,Violento
235,Me estás provocando,Violento
236,Tú sigue así,Violento
237,Me importa una mierda que me oigan los niños,Violento
238,Es tu culpa,Violento
239,Me vas a encontrar,Violento
240,Eres una histérica,Violento
241,"Es que si ha llegado a ese punto, la culpa es de ella",Violento
242,"Píntate un poco, que estás muy pálida",Violento
243,No te pintes tanto,Violento
244,¿Por qué no te arreglas un poco?,Violento
245,Si te separas de mi tampoco estarás con tus hijos,Violento
246,us amigas no pueden entrar en casa porque también es mìa,Violento
247,Para ser chica no juegas mal,Violento
248,Has estado saliendo con mis amigos,Violento
249,Últimamente no te arreglas nada,Violento
250,Te indignas por todo,Violento
251,No se te puede decir nada,Violento
252,No quiero que subas esas fotos,Violento
253,"Eres demasiado simpática, yo cononzco a oos hombres y se lo q buscan de tí, sé más seria y distante",Violento
254,tu no sabes decir que no y acaban haciendo contigo lo que quieren,Violento
255,Tú sin mí no eres nadie,Violento
256,Si me dejas te mato,Violento
257,O eres mía o no serás de nadie,Violento
258,"Tú en casa con los niños, que es donde debes de estar",Violento
259,Yo te he convertido en una señora,Violento
260,"Para qué tienes la cabeza, a parte de para peinarte",Violento
261,menuda mierda de respuesta,Violento
262,"es que yo para estar así, paso de ti",Violento
263,es que no haces nada por estar bien,Violento
264,eso es manipular la realidad,Violento
265,"no te importa mi mundo, y a mí sí me importa el tuyo",Violento
266,deberías ir al psicólogo,Violento
267,tú lo que necesitas es amor,Violento
268,¿cómo aguantaste tanto?,Violento
269,Si yo todo lo que hago es porque te quiero,Violento
270,No sirves para nada,Violento
271,Eres una exagerada,Violento
272,A ver qué haces tú cuando quedas con tu ex,Violento
273,Y tú que harías sin mí,Violento
274,Y a tí quien te va a querer si no soy yo,Violento
275,Si algún día me dejas seguro que terminarás con un moro,Violento
276,Eres una histérica,Violento
277,"Yo no soy violento, eres tú que sacas lo peor de mí",Violento
278,"Si me dejas, te vas a quedar sola, solo te van a querer para follar.",Violento
279,Nadie te va a querer como yo,Violento
280,"Si me quisieras, no hablarías con gente que no me gusta",Violento
281,Mi ansiedad es por tu culpa,Violento
282,¿No quieres hacerlo?Eso es que ya no me quieres,Violento
283,"Mira que te gusta provocar, eh",Violento
284,¿Vas a ir así?,Violento
285,Siendo así nadie te va a querer,Violento
286,Qué exagerada,Violento
287,Calladita más bonita,Violento
288,Eres una basura,Violento
289,pero,Violento
290,No vas a encontrar a nadie que te quiera como yo,Violento
291,"Has cambiado mucho desde que te conocí, ahora eres una egoísta",Violento
292,Todo está en tu cabeza,Violento
293,"ES MENTIRA, NO SOY UN CONTROLADOR",Violento
294,Por qué haces todo esto? Estás en una lucha que no es tuya,Violento
295,"Me creas ansiedad, en serio",Violento
296,Tendrás que quitarme la culpa tú a mí,Violento
297,O eres muy impoluta o una solemne gilipollas,Violento
298,O eres muy impoluta o una solemne gilipollas,Violento
299,Esque no me quieres,Violento
300,No me haces feliz,Violento
301,Necesito hacerlo ahora,Violento
302,Tienes que pensar más en mi y en mis necesidades,Violento
303,Pues si no quieres será mejor que te vayas de mi casa,Violento
304,Sería increíble que te suicidaras por mí,Violento
305,Siempre tienes que joderlo todo,Violento
306,No haces nada bien,Violento
307,Eres una perra que hace lo que yo le diga,Violento
308,Deberías conformarte con que te quiera ver,Violento
309,Si no lo haces como yo digo es porque no me quieres,Violento
310,Sabes como sacar lo peor de mi,Violento
311,Eres un desastre total.No sirves absolutamente para nada,Violento
312,"Mala madre, mala esposa, mala hija,mala nuera",Violento
313,te quiero pero,Violento
314,te amo pero,Violento
315,pero,Violento
316,perdon pero,Violento
317,Chúpamela aunque sea,Violento
318,"Estás loca, deberías ir al psiquiatra si no eres feliz conmigo",Violento
319,"Nunca te apetece follar, ¿ya no me quieres?",Violento
320,¿Dónde vas tan arreglada?,Violento
321,"Mucho hablas con tu jefe, no sé yo que harás en la oficina",Violento
322,"No me gusta que subas fotos de tu cara, ni en bikini",Violento
323,"Es que yo he cambiado, y tú no",Violento
324,No sé por qué te molesta,Violento
325,"Quién va a querer nada contigo, con esa cara?",Violento
326,te voy a quitar a todo ser querido que tengas ,Violento
327,me has arruinado la vida,Violento
328,te odio,Violento
329,te aborrezco,Violento
330,no te respeto,Violento
331,no vale snada para mi,Violento
332,eres una basca,Violento
333,eres una porqueria,Violento
334,eres una mierda,Violento
335,bastardo asqueroso ,Violento
336,maldita te amatare,Violento
337,a ti y a toda tu familia,Violento
338,te voy a violar,Violento
339,voy a alejarte de tu familia,Violento
340,dile adios a todos,Violento
341,no tienes amigos,Violento
342,no tienes amigas,Violento
343,me das lastima,Violento
344,te odio mucho,Violento
345,eres lo peor,Violento
346,eres la peor,Violento
347,te voy a demandar,Violento
348,no puedes ganarme ,Violento
349,yo soy mejor que todos,Violento
350,soy mejor que nadie,Violento
351,tienes suerte de estar conmigo,Violento
352,dame tu contraseña,Violento
353,dame tu cuenta,Violento
354,deja de ahbalar,Violento
355,Callate,Violento
356,callate ya,Violento
357,callado te ves mejor mi amor,Violento
358,deja de ladrar perro,Violento
359,dejame en paz perra,Violento
360,odio mi vida desde que te conoci,Violento
361,odio a todos y en especia a ti,Violento
362,como me cansas mi amor,Violento
363,ya no queiro vivir contigo,Violento
364,ya no te amo,Violento
365,ya no te quiero,Violento
366,si no me comer te dejare de quere,Violento
367,complaceme,Violento
368,te lo ordeno yo,Violento
369,con eso basta para aburrirme,Violento
370,deja de hablarme porfavor,Violento
371,te odio,Violento
372,te amo pero te odio demaciado,Violento
373,te amo pero ya no te aguanto ,Violento
374,mandame una foto o terminamos,Violento
375,mandame una foto o terminamos,Violento
376,Siempre tienes que joderlo todo,Violento
377,tu amigo lo tinee mas grande,Violento
378,Sali con tu amiga,Violento
379,ya no te quiero para nada,Violento
380,no me sirves para nada,Violento
381,te odio como nunca ya ni piedo en ti,Violento
382,no te respeto eres la peor persona del mundo,Violento
383,te odio demasiado,Violento
384,ya me tienes arta,Violento
385,ya no puedo contigo mas,Violento
386,terminamos por tu culpa,Violento
387,te engale con tu mejor amigo,Violento
388,te engañe con,Violento
389,te manipule para que hagas lo que yo quiera,Violento
390,te odio,Violento
391,dame todo o no te amare,Violento
392,te necesito controlar,Violento
393,te odio mucho maldita rata,Violento
394,maldita rata,Violento
395,como quieres que te ame si eres una puta,Violento
396,Sali contigo por lastima,Violento
397,nunca te ame,Violento
398,te hable por lastima,Violento
399,estoy contigo por suerte,Violento
400,te odio,Violento
401,me cogí a tu amigo y me gustó,Violento
402,cierra la puta boca,Violento
403,solo quiero cogerte y ya,Violento
404,porque no me dejas por tu amiguito,Violento
405,no voy a salir contigo así vestida,Violento
406,estoy cansada de tus celos,Violento
407,con esa ropa pareces prostituta,Violento
408,si me dejas no encontrarás a nadie que le gustes,Violento
409,soy tu novia por pena,Violento
410,me hubiera ido con tu amigo,Violento
411,porque te elegi a ti si eres una basura,Violento
412,porque  te elegi a ti si eres horrible,Violento
413,porque  te elegi a ti si eres feo,Violento
414,porque  te elegi a ti si eres negro,Violento
415,porque  te elegi a ti si eres fea,Violento
416,porque  te elegi a ti si eres asquerosa,Violento
417,no te hubiera conocido,Violento
418,eres espantoso,Violento
419,monstruo porque eres tan feo,Violento
420,porque eres tan fea,Violento
421,porque eres tan feo,Violento
422,porque no te mueres,Violento
423,porque no desapareses y ya,Violento
424,tienes que chuparmela mientras te grabo,Violento
425,te voy a grabar si no no hacemos nada,Violento
426,te dejaras hacerte lo que yo quiera y te gustara,Violento
427,eres un perdedor sin mi,Violento
428,eres una perdedora sin mi,Violento
429,eres una tremenda puta,Violento
430,es tu culpa que me den ataques de ansiedad maldita perra,Violento
431,si quieres que te compre el teclado para tu ordenador tienes que chuparmela mientras te grabo,Violento
432,ni pienses en dejarme porque habrá consecuencias,Violento
433,si me dejas publicaré los vídeos donde te estoy cogiendo,Violento
434,siempre haces todo mal,Violento
435,pene pequeño ,Violento
436,micro miembro,Violento
437,me da lastima tu cosita,Violento
438,gorda,Violento
439,baja de peso gorda,Violento
440,te odio gorda,Violento
441,asquerosa gorda,Violento
442,puta gorda,Violento
443,con ese cuerpo quein te querra gorda,Violento
444,maldita puta,Violento
445,cara de la verga,Violento
446,estúpido,Violento
447,idiota,Violento
448,inutil,Violento
449,pendejo,Violento
450,mama verga,Violento
451,chucha tu madre,Violento
452,coño de la madre,Violento
453,hijo de re mil putas,Violento
454,gil,Violento
455,tonto,Violento
456,das asco,Violento
457,la concha de tu madre,Violento
458,la concha de la lora,Violento
459,putito,Violento
460,mama huevo,Violento
461,ya no puedo contigo puta,Violento
462,maldita perra,Violento
463,como te atreves a hacer eso sin mi permiso,Violento
464,no te di permiso,Violento
465,no te di permiso puta,Violento
466,no te quiero en mi vida ,Violento
467,perra te odio,Violento
468,maldita perra,Violento
469,maldicion como haces que ya no te ame,Violento
470,estas haciendo que deje de quererte,Violento
471,me odias verdad,Violento
472,ya no me quieres ,Violento
473,ya no me amas,Violento
474,ya no quieres etar conmigo,Violento
475,eres una basurilla,Violento
476,eres una perrita asquerosa,Violento
477,no te amo mas,Violento
478,no estoy sintiendo anda por ti,Violento
479,estoy aburrido de ti,Violento
480,me aburro en la relacion,Violento
481,quiero ams de ti,Violento
482,necesito mas de ti,Violento
483,dame todo de ti,Violento
484,me aburro cuando estoy contigo,Violento
485,me aburres mucho ,Violento
486,me aburro cuando estas y cuando no estas estoy bien,Violento
487,eres aburrida,Violento
488,te odio,Violento
489,no me gusta como te ves,Violento
490,arreglate mejor ,Violento
491,acuerdate de mi cuando no este,Violento
492,necesito tu ayuda con todo,Violento
493,cuando me mate ya reiras,Violento
494,cuando me mate te sentiras feliz ,Violento
495,me voy a matar,Violento
496,te voy a cortar,Violento
497,te voy a terminar si haces eso,Violento
498,te voy a terminar porque ya no puedo contigo,Violento
499,eres la peor persona del mundo,Violento
500,te quiero,No violento
501,eres muy lindo,No violento
502,te amo,No violento
503,me gustas,No violento
504,me encantas,No violento
505,muak,No violento
506,te mando besitos,No violento
507,quiero abrazarte,No violento
508,quiero besarte,No violento
509,quieres salir conmigo?,No violento
510,puedo ser tu novia?,No violento
511,eres atractivo,No violento
512,que romantico eres,No violento
513,pareces un osito,No violento
514,voy a mandarte flores,No violento
515,mi corazón es tuyo,No violento
516,pienso todo el día en ti,No violento
517,cuando te veo sonrio,No violento
518,cuando pienso en ti sonrio,No violento
519,tu eres lo ultimo que pienso antes de dormir,No violento
520,cuando despierto pienso en ti,No violento
521,cuando despierto imagino que estas a mi lado,No violento
522,me haces feliz,No violento
523,me haces bien,No violento
524,haces que me sienta comoda,No violento
525,haces que me ame a mi misma,No violento
526,me gusta mucho tu sonrisa,No violento
527,me gusta escucharte reír,No violento
528,me gusta ponerte nervioso,No violento
529,me gusta que me pongas nerviosa,No violento
530,quiero cuidarte,No violento
531,quiero protegerte,No violento
532,soy feliz contigo,No violento
533,cuando estoy contigo parece que se detiene el tiempo,No violento
534,eres muy tierno,No violento
535,te quiero tontito,No violento
536,te amo tontito,No violento
537,te amo tanto tontito,No violento
538,te quiero tontita,No violento
539,te adoro bb,No violento
540,mi bomboncito de chocolate,No violento
541,hola,No violento
542,como estas,No violento
543,como estas amor,No violento
544,como te sientes,No violento
545,que haces,No violento
546,como vas con al tarea,No violento
547,como estas bb,No violento
548,bb,No violento
549,bombon,No violento
550,bellota,No violento
551,princesa,No violento
552,principe,No violento
553,mi rey,No violento
554,mi amor,No violento
555,mi bebe,No violento
556,mi bb,No violento
557,mi amorcito ,No violento
558,te amo,No violento
559,te como,No violento
560,eres el amor d emi vida coraozn,No violento
561,corazon,No violento
562,muack,No violento
563,besitos,No violento
564,estoy saliendo del trabajo,No violento
565,te amo corazon,No violento
566,Pero no ma jajaja si lo hiciste completo,No violento
567,Va me avisas entonces,No violento
568,mandas el domingo o el lunes por muy tarde ?,No violento
569,Me gusta que dibujes corazones en las fotos que te mando,No violento
570,O yo te las mando a ti uwu,No violento
571,Te como corazón,No violento
572,Muak muak muak,No violento
573,Me encantas mi amor hermoso,No violento
574,Tendría que ser un viernes,No violento
575,No puedo miamor,No violento
576,Pues ven y abrazame,No violento
577,Quiere flores,No violento
578,Te como papi,No violento
579,Te amo mi amorcito te amo bonita,No violento
580,Me encantas,No violento
581,Me dormí como con 9%,No violento
582,Que bonito mi amor,No violento
583,No me di cuenta de que se había colgado,No violento
584,Mira me.pusieton de foto de perfil,No violento
585,No pasa nada amor mío,No violento
586,Cuando te vea te voy a comer,No violento
587,Jajaja Lokito miamor,No violento
588,Hola amor,No violento
589,Y luego me lave los dientes,No violento
590,Descansa papi,No violento
591,Voy a cocinar,No violento
592,Siempre te escucho,No violento
593,Pues si,No violento
594,De verdad te estaba esperando,No violento
595,Tardé mucho,No violento
596,Perdón mi vida,No violento
597,Eres lo mejor de mi vida miamor,No violento
598,Sueño bonito,No violento
599,Wenas noches,No violento
600,Te amo miamor,No violento
601,Estuve esperando para decirte buenas noches para que duermas,No violento
602,Tengo que cocinar,No violento
603,Tengo que irme,No violento
604,Era para alguien más?,No violento
605,Princesa si me dices,No violento
606,Hasta me enseñó vídeos tuyos,No violento
607,Me siento como Nando y los cerdos,No violento
608,Deja termino algo rápido,No violento
609,Son mis sueños,No violento
610,Ya termine tarea,No violento
611,Espérame,No violento
612,Y me dolió el corazón,No violento
613,Porque sueñas eso mi amor,No violento
614,Que cosa mi amor,No violento
615,Cada día estoy más enamorada de ti,No violento
616,Que soñaste cariño mio,No violento
617,Pero compensa cuando me tratas muy bonito,No violento
618,O cuando me dices bombón o corazón,No violento
619,porque tas desperta bb,No violento
620,Aunque yo no quiero ser grosera,No violento
621,Te amo más miamor,No violento
622,Te amo mucho,No violento
623,Pobrecito papi,No violento
624,Llámame por Whatsapp mi vida hrrmosa,No violento
625,Llámame por Whatsapp mi vida hermosa,No violento
626,Estoy en el server de la gris,No violento
627,Porque no estoy contigo,No violento
628,No pasa nada miamor,No violento
629,Porque así saludo,No violento
630,Obvio llora,No violento
631,Estaba limpiando la cocina,No violento
632,Haz tarea amor,No violento
633,Cómo que solo si quiero,No violento
634,Gracias mi amor,No violento
635,No pasa nada corazón,No violento
636,Yo te amo mucho más miamor,No violento
637,Voy a lavar platos,No violento
638,Gracias por las fotos mi amor,No violento
639,Mira que buenos tips,No violento
640,Salió reconectando,No violento
641,Y este video de verdad me encantó,No violento
642,eres todo eso y más miamor,No violento
643,Ya me iré a dormir perdon,No violento
644,Por lo que te envie,No violento
645,Aunque yo no me maquillo,No violento
646,Hola mi amor,No violento
647,me estoy durmiendo,No violento
648,Me gusta tu carita hermosa,No violento
649,Porke me gusta mucho,No violento
650,porque me gusta mucho,No violento
651,Porque lo vio muchas veces,No violento
652,Esto es de ayer creo que no te lo mandé corazón,No violento
653,Mi mano,No violento
654,Te amo más mi amor hermoso,No violento
655,Ya toy acostado nos dormimos,No violento
656,Y ácabo de matar dos pulgas que tenía mi perro,No violento
657,Porque me apagó la computadora,No violento
658,Este hijo de puta era el que me estaba picando,No violento
659,tu quieres hacer algo tengo tiempo,No violento
660,Fue por estudiar,No violento
661,Voy a pasear a mi perro,No violento
662,ya entiendo tu adicción,No violento
663,Porke estaba cansada,No violento
664,Estaba muy cansada,No violento
665,Ves ese niño me entiende,No violento
666,Esto me pasa a veces miamor,No violento
667,Pontela bien,No violento
668,Ya te conozco bien amor,No violento
669,De que iba a estar ocupada,No violento
670,Cuidate mucho,No violento
671,Me gusta hablar contigo,No violento
672,Provecho,No violento
673,Y luego se orina,No violento
674,Si la voy a llevar,No violento
675,Tengo que darle de comer a mi hermano,No violento
676,Es muy miedosa,No violento
677,Pues cuídala mucho,No violento
678,Pues lleva a tu madre a correr,No violento
679,Vayan todos,No violento
680,Hacen carrera,No violento
681,No le gusta,No violento
682,Osea le da miedo,No violento
683,No sé aleja mucho de la casa,No violento
684,Llegamos muy mejor y volteaba para atrás,No violento
685,Para ver supongo si venía mi madre,No violento
686,Si se papi,No violento
687,Pero así te amo miamor,No violento
688,Está poquito,No violento
689,Así que no puedo sacar a mi perro,No violento
690,Y no puedo dejarlo solo,No violento
691,Porke está enfermo,No violento
692,Mi hermano está aquí,No violento
693,Así te cuida,No violento
694,Pues ni pedo mi desayuno,No violento
695,Así que saca a tu perro,No violento
696,Me voy a llevar a la gris,No violento
697,Pero pontela bien,No violento
698,Pues va al revés para que te tape del sol,No violento
699,Amor no me se poner una gorra,No violento
700,Yo te amo mucho miamor,No violento
701,De verdad,No violento
702,Eso no pasará,No violento
703,Amor yo te amo más que a nada,No violento
704,Pero más o menos me lo sabía todo,No violento
705,Me ayudaron un poco,No violento
706,Esque tenía que grabar los audios,No violento
707,Y ahora me desperté porke mi hermano no para de llorar,No violento
708,Solo te lo mandé porke me da risa,No violento
709,Pero más o menos me lo sabía todo,No violento
710,Me ayudaron un poco,No violento
711,Amor enserio tengo que estudiar,No violento
712,Le tengo miedo a la avena molida,No violento
713,De avena,No violento
714,Yo desayuno eso,No violento
715,Pues haz un batido de banana con leche y avena,No violento
716,Cocina huevos,No violento
717,Así que ahora quiero desayunar,No violento
718,También quería la última vez eso pero sentía que me iba,No violento
719,Yo tengo que estudiar,No violento
720,Duerme papi,No violento
721,Que yo no fui,No violento
722,No es cierto mi amor,No violento
723,Voy a borrar,No violento
724,Te amo tanto papi,No violento
725,Por las caras,No violento
726,Pero me gustan mucho las caras que haces miamor,No violento
727,Porque te ries,No violento
728,Te amo demasiado,No violento
729,Porke censuras tu carita hermosa miamor,No violento
730,Yo quiero eso papi,No violento
731,Te amo mi niña me encantas,No violento
732,Le saqué eso a mi perro,No violento
733,Mentiroso si tienes el anillo,No violento
734,Holi mi amor ya llegue,No violento
735,Te extraño mcuhoooo,No violento
736,te extraño mucho,No violento
737,Ya ahora sí voy a estudiar,No violento
738,Amor me quiero pegar un tiro,No violento
739,Yo no sé nada de eso,No violento
740,Y no entiendo nada,No violento
741,Estaba viendo el grupo a ver qué dicen del examen,No violento
742,Pues la vemos,No violento
743,Donde la clase fue ver una pelicula,No violento
744,Amor yo te amo demasiado,No violento
745,Si lo suspendo puede que suspenda el tercer trimestre,No violento
746,Tengo que estudiar para un examen,No violento
747,Amor hoy no puedo hacer nada,No violento
748,Para quien era?,No violento
749,Que salgo temprano,No violento
750,Por si la quieres ver,No violento
751,Bueno que películas has visto,No violento
752,Pues no miamor,No violento
753,Solo que creía que sabías porque no dormi,No violento
754,está quiero ver contigo,No violento
755,No escuchabas lo que te decía entonces,No violento
756,Porque estoy loco,No violento
757,Porke no duermes temprano?,No violento
758,Porke dormiste a la 1?,No violento
759,Porque me golpearon,No violento
760,Que pasa mi amor?,No violento
761,Como estás papi?,No violento
762,Voy a lavar platos,No violento
763,Ya saqué a mi perro,No violento
764,Y voy a lavar platos y estudiar para el examen de mañana,No violento
765,Y tengo que ir a recoger a mi hermano,No violento
766,Te amo mucho corazón,No violento
767,Que si te amo miamor,No violento
768,Suerte papi,No violento
769,suerte amor,No violento
770,suerte bebe,No violento
771,suerte ,No violento
772,Gracias amor,No violento
773,gracias bebe,No violento
774,gracias corazon,No violento
775,gracias,No violento
776,Ya me voy te amo,No violento
777,Sip yo te explico,No violento
778,A mi me encanta escucharte dormir bb,No violento
779,Me lo explicas después,No violento
780,Limpia tu computadora amor,No violento
781,Ya mi amor es lo más romántico que he hecho por alguien,No violento
782,Estaba entrando a clase,No violento
783,Espera toy pensando,No violento
784,Te iba a hacer un código,No violento
785,Hay muchas formas mi cielo,No violento
786,También podrías ponerlo en codigo,No violento
787,Estoy hablando de WhatsApp,No violento
788,Pues ponlo que esperas amor,No violento
789,Dice que estoy casado amor,No violento
790,Por eso te digo que no quiero que me dejes,No violento
791,Me deje llevar,No violento
792,Tu estás en unión libre al parecer,No violento
793,Pero me refiero a malinterpretar tus palabras,No violento
794,Te lo prometo mi amor,No violento
795,Intentaré que no vuelva a pasar mi niña,No violento
796,Me gusta todo lo que me mandas,No violento
797,Tas enojada porque los borre,No violento
798,Ya lo borre,No violento
799,Que bonito se veeee,No violento
800,A ver miamor,No violento
801,Amore quieres ver algo ??,No violento
802,Voy a bañarme corazón,No violento
803,Tengo ir a bañarme,No violento
804,Donde estás?,No violento
805,Entra que te voy a decir te amoo,No violento
806,Está me la saqué en el bosque ,No violento
807,Por mi seguirías siendo mi mejor amigo,No violento
808,Creí que ya te habías mimido,No violento
809,Entonces como quedamos,No violento
810,Ya me voy a dormir,No violento
811,Quería dormir contigo,No violento
812,Ayer me dormí porke me cantaste,No violento
813,Entonces no escuchaste más,No violento
814,Creo que ya me prepararé para salir,No violento
815,Lo mejor es cantando una cancion,No violento
816,No me puedo mover me duele todo,No violento
817,Creo que descansare,No violento
818,Trabajaremos acá creo,No violento
819,No me sé la letra de las canciones,No violento
820,Cuántas vueltas hiciste?,No violento
821,Si trabajas tienes que descansar bien,No violento
822,Cuidate mucho por favor,No violento
823,Aaaa me duele toda la espalda,No violento
824,Y las piernas que pedo,No violento
825,Come come,No violento
826,Estaba dormida,No violento
827,Soñé con tu voz,No violento
828,Y me di cuenta que era un sueño,No violento
829,Y se verdad pensé que eras tú,No violento
830,No recuerdo por qué sueño,No violento
831,Se lo dijiste a alguien,No violento
832,No he soñado :( con ninguna persona,No violento
833,Pero fue reciente,No violento
834,Cómo soñaste con el reciente,No violento
835,Ten cuidado por favor,No violento
836,A tu tamToy cansado talvez solo cargue el troncobién?,No violento
837,No voy a cerruchar,No violento
838,Desde hace rato me está viendo,No violento
839,Tal vez está enfermita,No violento
840,Le pasa algo?,No violento
841,Te quiere mucho,No violento
842,La saqué hace rato pero,No violento
843,No está alborotada por salir,No violento
844,Tal vez solo te quiere mucho,No violento
845,Te tiene cariño,No violento
846,Así como yo te quiero mucho ella también,No violento
847,pues lo mismo :c,No violento
848,Los dos nos queremos mucho,No violento
849,Y nos cuidamos,No violento
850,Me refiero a que nos preocupamos,No violento
851,ojo me robas las palabras de la boca,No violento
852,No ví el mensaje deje abierto WhatsApp en el celular,No violento
853,Juegas con estos jovenes,No violento
854,Tú estás trabajando?,No violento
855,Y ahora te digo adios,No violento
856,Es la canción,No violento
857,Que haces niño?,No violento
858,Porque no querés jugar con ellos,No violento
859,Me comí un dulce,No violento
860,Acabo de romper mi diata,No violento
861,Bueno una gomita,No violento
862,No pasa nada por un dulce,No violento
863,Pero también me gustas tu,No violento
864,Esque no me divierte mucho los juegos que ellos juegan,No violento
865,Los tuyos si,No violento
866,Me gusta estar contigo,No violento
867,Se ve mejor en persona,No violento
868,Cuidate mucho,No violento
869,Pobre gallinita,No violento
870,Aún le queda tiempo por vivir,No violento
871,Me muero si haces eso,No violento
872,Por favor ten mucho cuidado,No violento
873,Holi ya termine,No violento
874,Que solo seremos tú y yo,No violento
875,Come mucho,No violento
876,Solo tu y yo mi niña hermosa,No violento
877,Me voy a morir de amor,No violento
878,Me encantas,No violento
879,Bueno niña hermosa el lunes regresas a la escuela,No violento
880,Te ayudaré en todo lo que pueda mi niña,No violento
881,No me sé las fiestas,No violento
882,Hablar con mi novio,No violento
883,Dime cómo quieras cariño,No violento
884,Cocina y que no se queme,No violento
885,Ahora sí tarde en comer :(,No violento
886,Te puedes enfermar,No violento
887,De que me puedo enfermar mi niña,No violento
888,Como anemia,No violento
889,Te amo mucho mi gordito hermoso,No violento
890,Pregunta pregunta,No violento
891,De una pesera,No violento
892,Dónde tienes que meter peses,No violento
893,Y te dan dinero,No violento
894,Y se puede con amigos y así,No violento
895,Tienes que encontrar llaves y así,No violento
896,Y también hay dos armas,No violento
897,Si quieres algún día lo probamos,No violento
898,Si no pues no,No violento
899,Te gusta mucho el miedo,No violento
900,Vieron que eres muy fuerte,No violento
901,Bueno no sé explicarme,No violento
902,Cuando puedas descansar descansa,No violento
903,Nunca has ido a una pijamada,No violento
904,Mis padres no nos dejan,No violento
905,Pobrecita mi niña,No violento
906,Miamor hermoso y precioso,No violento
907,Hasta mañana bb,No violento
908,Descansa,No violento
909,Y toma agua,No violento
910,Te amo mucho mucho,No violento
911,Hasta mañana mi amor,No violento
912,Descansa linda hermosa,No violento
913,Pobrecito mi amor,No violento
914,Espero descanses bien,No violento
915,Y no te preocupes,No violento
916,Ya me bañé,No violento
917,Si tienes que trabajar,No violento
918,Te amo mucho,No violento
919,Sólo cuidate y no te lastimes,No violento
920,Que guapo eres cosita hermosa,No violento
921,Y pensé que eso era un suéter o una sudadera,No violento
922,Estás muy lindo,No violento
923,Estás muy linda,No violento
924,Me explicas porke estás despierto?,No violento
925,Me invitaron a jugar,No violento
926,Trabajaste todo el día,No violento
927,Y me duermo,No violento
928,De verdad quieres eso?,No violento
929,Sólo quería que descanses bien,No violento
930,Weno amor,No violento
931,Yo voy a intentar dormir más,No violento
932,Así me siento exactamente,No violento
933,Cómo estás,No violento
934,Holi mi amor,No violento
935,Duerme más si quieres amor,No violento
936,Podría seguir durmiendo,No violento
937,Hoy vas a trabajar todo el día,No violento
938,No tengo sueño estoy cansado,No violento
939,Nop hoy toca seguir cortando,No violento
940,Hoy no vas a correr no?,No violento
941,Cuidate mucho por favor,No violento
942,Hoy tienes que comer 3 veces,No violento
943,Eso ya no va a pasar,No violento
944,Más te vale,No violento
945,Yo tendré cuidado,No violento
946,Holi holi aaa ya me quiero levantar,No violento
947,Vas a trabajar todo el día,No violento
948,Quieres jugar algo,No violento
949,Creo que tengo que lavar los platos,No violento
950,Era antes de ponernos a trabajar,No violento
951,No he comido aún no está la comida,No violento
952,Perdón por tardar,No violento
953,Más tarde o mañana seguimos viendo,No violento
954,Has tu tarea,No violento
955,no me va el internet del celular,No violento
956,Yo también te amo mi niña,No violento
957,Toy adolorido del cuerpo,No violento
958,Yo ahora estoy haciendo una mascarilla para el pelo,No violento
959,Estoy haciendo esto y lo dejo enfríar mientras me balo,No violento
960,Mi hermano se quedó dormido en el suelo,No violento
961,Cuídate tú también,No violento
962,quiquito,No violento
963,bombilla,No violento
964,loquito,No violento
965,come,No violento
966,escuela,No violento
967,trabajo,No violento
968,dinero,No violento
969,alimentos,No violento
970,comida,No violento
971,salir,No violento
972,parque,No violento
973,jugar ,No violento
974,comer,No violento
975,juntos ,No violento
976,que porcede,No violento
977,hermoso,No violento
978,princesa,No violento
979,bonito te ves,No violento
980,tenog que dormir ,No violento
981,mañana tengo trabajo,No violento
982,te adoro bb,No violento
983,Gracias mi niña hermosa,No violento
984,Mi corazón va a explotar de amor,No violento
985,Algún día,No violento
986,Primero me voy a poner eso,No violento
987,Pero resulta que no,No violento
988,Tengo casa sola miamor,No violento
989,Por eso tú me encantas,No violento
990,Tú eres tostadito,No violento
991,Pobrecito miamor,No violento
992,Así sentiré mejor tus manos,No violento
993,Estás acostado?,No violento
994,Yo también tengo frío,No violento
995,Y el que encuentre el haba tiene que comprar otra rosca,No violento
996,Aunque tengo mucho frío,No violento
997,Sigue enfermita mi bb,No violento
998,estoy enferma,No violento
999,Me muero de frio,No violento
1000,comigo,No violento
1001,ven comigo,No violento
